"threshold","se","ci_lower","ci_upper","coef_low","se_low","coef_high","se_high","n_obs","n_countries"
-0.52690136830012,0.411422437780277,-0.785071881431523,0.525429524440654,-0.0528569079353559,0.0405192740888295,-0.194068599045465,0.037150598961399,4035,189
