"threshold","se","ci_lower","ci_upper","coef_low","se_low","coef_high","se_high","first_stage_F","n_obs","n_countries"
0.962552632717668,0.586661141032778,-0.872765858484738,1.00513340656875,0.852371398298389,5.14378374786422,-8.909121249581,4.98700996878926,358.387708152415,4035,189
