Model,AIC,BIC
Threshold_like,16197.22638349735,17593.337836997296
Smooth_spline,16074.220845518877,17489.457113450328
