Regime,Coefficient,SE
Low (far),-0.7598113968559722,0.3143710960533384
High (far),-0.11805961271961594,0.061685282900792435
