"n_replications","ci_lower","ci_upper","n_valid"
500,-0.785071881431523,0.525429524440654,500
2000,-0.782352702196201,0.52085900583803,2000
