Statistic,Value
F-statistic,780.7603163653067
P-value,0
R-squared,0.7464174149623161
Adjusted R-squared,0.7454614014466227
