Model_Label,Coefficient,SE,CI_95_lower,CI_95_upper,Significant
OLS,-0.03348954970764216,0.03644567823995322,-0.10492307905795048,0.03794397964266616,
Country FE,0.11446261523506596,0.03317335918471288,0.0494428312330287,0.1794823992371032,***
Two-way FE,0.03549305060500395,0.03127420674953076,-0.02580439462407634,0.09679049583408424,
Lagged Model,0.04609085374254038,0.02906118786436498,-0.01086907447161499,0.10305078195669574,
