Test,Statistic,P_value,Heteroskedasticity
Breusch-Pagan,379.4458459566188,7.96808706223372e-80,Yes
White,1095.1472843580118,1.614039219958534e-206,Yes
