Variable,Regular_SE,Robust_SE,Ratio
(Intercept),0.6191077911874644,0.6418274515748452,1.036697422824875
health_exp_govt_gdp,0.036445678239953226,0.03867942809887558,1.0612898419454746
log_gdp_per_capita,0.0512400538014476,0.05317017612932106,1.0376682338264627
log_population,0.02064914815254128,0.023401949321089553,1.1333130620310594
health_exp_total_gdp,0.02470784762105995,0.024850658107637154,1.0057799646803502
infant_mortality,0.0030921441666557827,0.004156642436207042,1.3442589388393673
