"n_placebo","mean_placebo","sd_placebo","ci_lower","ci_upper","diff_main","p_value_two_sided"
1000,-0.0181376637782518,0.256028442540394,-0.150731938509244,0.411562983114835,-0.141211691110109,0.2
